{
  "itineraries": [
    {
      "id": 30,
      "tourId": 7,
      "day": 1,
      "title": "Arrival & Orientation",
      "description": "Arrive in Rome by train or flight. Check into a boutique hotel housed in a historic palazzo near the city center. Evening welcome dinner in a traditional trattoria in the Monti neighborhood."
    },
    {
      "id": 31,
      "tourId": 7,
      "day": 2,
      "title": "Ancient Rome Immersion",
      "description": "Morning guided walking tour of the Roman Forum and Palatine Hill. Lunch in a local osteria. Afternoon free time to explore Piazza Venezia or the nearby markets. Evening visit to a small museum focusing on early Roman history."
    }
  ]
}
